[
  {
    "Nazwa": "POLSKA",
    "drogi dla rowerów ogółem;2011;[km]": 5782.8,
    "drogi dla rowerów ogółem;2012;[km]": 6955.3,
    "drogi dla rowerów ogółem;2013;[km]": 7726,
    "drogi dla rowerów ogółem;2014;[km]": 9347.5,
    "drogi dla rowerów ogółem;2015;[km]": 10797.2,
    "drogi dla rowerów ogółem;2016;[km]": 11258.4,
    "drogi dla rowerów ogółem;2017;[km]": 12138.2,
    "drogi dla rowerów ogółem;2018;[km]": 13904.7,
    "drogi dla rowerów ogółem;2019;[km]": 15538.7,
    "drogi dla rowerów ogółem;2020;[km]": 17254.6,
    "drogi dla rowerów ogółem;2021;[km]": 18509.9,
    "drogi dla rowerów ogółem;2022;[km]": 19813.5
  },
  {
    "Nazwa": "DOLNOŚLĄSKIE",
    "drogi dla rowerów ogółem;2011;[km]": 509.1,
    "drogi dla rowerów ogółem;2012;[km]": 588.7,
    "drogi dla rowerów ogółem;2013;[km]": 607.2,
    "drogi dla rowerów ogółem;2014;[km]": 779.6,
    "drogi dla rowerów ogółem;2015;[km]": 805.9,
    "drogi dla rowerów ogółem;2016;[km]": 694,
    "drogi dla rowerów ogółem;2017;[km]": 751.7,
    "drogi dla rowerów ogółem;2018;[km]": 894.8,
    "drogi dla rowerów ogółem;2019;[km]": 1012.4,
    "drogi dla rowerów ogółem;2020;[km]": 1119.2,
    "drogi dla rowerów ogółem;2021;[km]": 1082.5,
    "drogi dla rowerów ogółem;2022;[km]": 1230.4
  },
  {
    "Nazwa": "KUJAWSKO-POMORSKIE",
    "drogi dla rowerów ogółem;2011;[km]": 453.6,
    "drogi dla rowerów ogółem;2012;[km]": 499.2,
    "drogi dla rowerów ogółem;2013;[km]": 573.8,
    "drogi dla rowerów ogółem;2014;[km]": 771.3,
    "drogi dla rowerów ogółem;2015;[km]": 904.2,
    "drogi dla rowerów ogółem;2016;[km]": 933.1,
    "drogi dla rowerów ogółem;2017;[km]": 956.3,
    "drogi dla rowerów ogółem;2018;[km]": 1052.1,
    "drogi dla rowerów ogółem;2019;[km]": 1123.9,
    "drogi dla rowerów ogółem;2020;[km]": 1218.9,
    "drogi dla rowerów ogółem;2021;[km]": 1381.9,
    "drogi dla rowerów ogółem;2022;[km]": 1471
  },
  {
    "Nazwa": "LUBELSKIE",
    "drogi dla rowerów ogółem;2011;[km]": 252.3,
    "drogi dla rowerów ogółem;2012;[km]": 285.2,
    "drogi dla rowerów ogółem;2013;[km]": 350.7,
    "drogi dla rowerów ogółem;2014;[km]": 425.4,
    "drogi dla rowerów ogółem;2015;[km]": 563.3,
    "drogi dla rowerów ogółem;2016;[km]": 636.1,
    "drogi dla rowerów ogółem;2017;[km]": 682.8,
    "drogi dla rowerów ogółem;2018;[km]": 762,
    "drogi dla rowerów ogółem;2019;[km]": 912.5,
    "drogi dla rowerów ogółem;2020;[km]": 1031,
    "drogi dla rowerów ogółem;2021;[km]": 1099.3,
    "drogi dla rowerów ogółem;2022;[km]": 1159.4
  },
  {
    "Nazwa": "LUBUSKIE",
    "drogi dla rowerów ogółem;2011;[km]": 260.9,
    "drogi dla rowerów ogółem;2012;[km]": 369.3,
    "drogi dla rowerów ogółem;2013;[km]": 406.6,
    "drogi dla rowerów ogółem;2014;[km]": 463.7,
    "drogi dla rowerów ogółem;2015;[km]": 523.9,
    "drogi dla rowerów ogółem;2016;[km]": 521.2,
    "drogi dla rowerów ogółem;2017;[km]": 576.7,
    "drogi dla rowerów ogółem;2018;[km]": 599.1,
    "drogi dla rowerów ogółem;2019;[km]": 643.3,
    "drogi dla rowerów ogółem;2020;[km]": 713.6,
    "drogi dla rowerów ogółem;2021;[km]": 744.2,
    "drogi dla rowerów ogółem;2022;[km]": 759.3
  },
  {
    "Nazwa": "ŁÓDZKIE",
    "drogi dla rowerów ogółem;2011;[km]": 287.4,
    "drogi dla rowerów ogółem;2012;[km]": 375,
    "drogi dla rowerów ogółem;2013;[km]": 471.9,
    "drogi dla rowerów ogółem;2014;[km]": 543.8,
    "drogi dla rowerów ogółem;2015;[km]": 591.8,
    "drogi dla rowerów ogółem;2016;[km]": 639.5,
    "drogi dla rowerów ogółem;2017;[km]": 728.5,
    "drogi dla rowerów ogółem;2018;[km]": 769.2,
    "drogi dla rowerów ogółem;2019;[km]": 868.5,
    "drogi dla rowerów ogółem;2020;[km]": 945.9,
    "drogi dla rowerów ogółem;2021;[km]": 1044.6,
    "drogi dla rowerów ogółem;2022;[km]": 1138.5
  },
  {
    "Nazwa": "MAŁOPOLSKIE",
    "drogi dla rowerów ogółem;2011;[km]": 193.3,
    "drogi dla rowerów ogółem;2012;[km]": 249.2,
    "drogi dla rowerów ogółem;2013;[km]": 279.8,
    "drogi dla rowerów ogółem;2014;[km]": 319.8,
    "drogi dla rowerów ogółem;2015;[km]": 370.6,
    "drogi dla rowerów ogółem;2016;[km]": 409.3,
    "drogi dla rowerów ogółem;2017;[km]": 496,
    "drogi dla rowerów ogółem;2018;[km]": 541.8,
    "drogi dla rowerów ogółem;2019;[km]": 636.7,
    "drogi dla rowerów ogółem;2020;[km]": 772.1,
    "drogi dla rowerów ogółem;2021;[km]": 837.2,
    "drogi dla rowerów ogółem;2022;[km]": 910.3
  },
  {
    "Nazwa": "MAZOWIECKIE",
    "drogi dla rowerów ogółem;2011;[km]": 755.8,
    "drogi dla rowerów ogółem;2012;[km]": 875.4,
    "drogi dla rowerów ogółem;2013;[km]": 912.6,
    "drogi dla rowerów ogółem;2014;[km]": 1108.3,
    "drogi dla rowerów ogółem;2015;[km]": 1279.1,
    "drogi dla rowerów ogółem;2016;[km]": 1408.4,
    "drogi dla rowerów ogółem;2017;[km]": 1561.1,
    "drogi dla rowerów ogółem;2018;[km]": 1995.6,
    "drogi dla rowerów ogółem;2019;[km]": 2342.1,
    "drogi dla rowerów ogółem;2020;[km]": 2565.8,
    "drogi dla rowerów ogółem;2021;[km]": 2709.8,
    "drogi dla rowerów ogółem;2022;[km]": 2830.8
  },
  {
    "Nazwa": "OPOLSKIE",
    "drogi dla rowerów ogółem;2011;[km]": 251.5,
    "drogi dla rowerów ogółem;2012;[km]": 296,
    "drogi dla rowerów ogółem;2013;[km]": 251.4,
    "drogi dla rowerów ogółem;2014;[km]": 282.2,
    "drogi dla rowerów ogółem;2015;[km]": 306.3,
    "drogi dla rowerów ogółem;2016;[km]": 310.2,
    "drogi dla rowerów ogółem;2017;[km]": 330.5,
    "drogi dla rowerów ogółem;2018;[km]": 418.2,
    "drogi dla rowerów ogółem;2019;[km]": 511,
    "drogi dla rowerów ogółem;2020;[km]": 556.8,
    "drogi dla rowerów ogółem;2021;[km]": 582.3,
    "drogi dla rowerów ogółem;2022;[km]": 641.5
  },
  {
    "Nazwa": "PODKARPACKIE",
    "drogi dla rowerów ogółem;2011;[km]": 186.5,
    "drogi dla rowerów ogółem;2012;[km]": 319.2,
    "drogi dla rowerów ogółem;2013;[km]": 281.1,
    "drogi dla rowerów ogółem;2014;[km]": 369.3,
    "drogi dla rowerów ogółem;2015;[km]": 577.2,
    "drogi dla rowerów ogółem;2016;[km]": 533.1,
    "drogi dla rowerów ogółem;2017;[km]": 591.1,
    "drogi dla rowerów ogółem;2018;[km]": 615.9,
    "drogi dla rowerów ogółem;2019;[km]": 644.6,
    "drogi dla rowerów ogółem;2020;[km]": 675.5,
    "drogi dla rowerów ogółem;2021;[km]": 719.3,
    "drogi dla rowerów ogółem;2022;[km]": 745.9
  },
  {
    "Nazwa": "PODLASKIE",
    "drogi dla rowerów ogółem;2011;[km]": 179.9,
    "drogi dla rowerów ogółem;2012;[km]": 225.2,
    "drogi dla rowerów ogółem;2013;[km]": 224.8,
    "drogi dla rowerów ogółem;2014;[km]": 326.9,
    "drogi dla rowerów ogółem;2015;[km]": 453.8,
    "drogi dla rowerów ogółem;2016;[km]": 465.1,
    "drogi dla rowerów ogółem;2017;[km]": 517.4,
    "drogi dla rowerów ogółem;2018;[km]": 576.8,
    "drogi dla rowerów ogółem;2019;[km]": 629.7,
    "drogi dla rowerów ogółem;2020;[km]": 731.9,
    "drogi dla rowerów ogółem;2021;[km]": 786.9,
    "drogi dla rowerów ogółem;2022;[km]": 826.5
  },
  {
    "Nazwa": "POMORSKIE",
    "drogi dla rowerów ogółem;2011;[km]": 494.7,
    "drogi dla rowerów ogółem;2012;[km]": 602.7,
    "drogi dla rowerów ogółem;2013;[km]": 790.5,
    "drogi dla rowerów ogółem;2014;[km]": 987.3,
    "drogi dla rowerów ogółem;2015;[km]": 1050.5,
    "drogi dla rowerów ogółem;2016;[km]": 1103.7,
    "drogi dla rowerów ogółem;2017;[km]": 1161.9,
    "drogi dla rowerów ogółem;2018;[km]": 1243.2,
    "drogi dla rowerów ogółem;2019;[km]": 1347.6,
    "drogi dla rowerów ogółem;2020;[km]": 1479.3,
    "drogi dla rowerów ogółem;2021;[km]": 1549.9,
    "drogi dla rowerów ogółem;2022;[km]": 1632.1
  },
  {
    "Nazwa": "ŚLĄSKIE",
    "drogi dla rowerów ogółem;2011;[km]": 560,
    "drogi dla rowerów ogółem;2012;[km]": 624.7,
    "drogi dla rowerów ogółem;2013;[km]": 598,
    "drogi dla rowerów ogółem;2014;[km]": 648.7,
    "drogi dla rowerów ogółem;2015;[km]": 725.3,
    "drogi dla rowerów ogółem;2016;[km]": 783.7,
    "drogi dla rowerów ogółem;2017;[km]": 824.1,
    "drogi dla rowerów ogółem;2018;[km]": 933.7,
    "drogi dla rowerów ogółem;2019;[km]": 1047.6,
    "drogi dla rowerów ogółem;2020;[km]": 1194.9,
    "drogi dla rowerów ogółem;2021;[km]": 1368.9,
    "drogi dla rowerów ogółem;2022;[km]": 1385.2
  },
  {
    "Nazwa": "ŚWIĘTOKRZYSKIE",
    "drogi dla rowerów ogółem;2011;[km]": 97.5,
    "drogi dla rowerów ogółem;2012;[km]": 105.6,
    "drogi dla rowerów ogółem;2013;[km]": 137.6,
    "drogi dla rowerów ogółem;2014;[km]": 161.8,
    "drogi dla rowerów ogółem;2015;[km]": 216.2,
    "drogi dla rowerów ogółem;2016;[km]": 230.2,
    "drogi dla rowerów ogółem;2017;[km]": 239.7,
    "drogi dla rowerów ogółem;2018;[km]": 276.1,
    "drogi dla rowerów ogółem;2019;[km]": 324,
    "drogi dla rowerów ogółem;2020;[km]": 392.8,
    "drogi dla rowerów ogółem;2021;[km]": 418.8,
    "drogi dla rowerów ogółem;2022;[km]": 447.6
  },
  {
    "Nazwa": "WARMIŃSKO-MAZURSKIE",
    "drogi dla rowerów ogółem;2011;[km]": 212.3,
    "drogi dla rowerów ogółem;2012;[km]": 251,
    "drogi dla rowerów ogółem;2013;[km]": 272.6,
    "drogi dla rowerów ogółem;2014;[km]": 379,
    "drogi dla rowerów ogółem;2015;[km]": 481.8,
    "drogi dla rowerów ogółem;2016;[km]": 508,
    "drogi dla rowerów ogółem;2017;[km]": 500.9,
    "drogi dla rowerów ogółem;2018;[km]": 553.9,
    "drogi dla rowerów ogółem;2019;[km]": 634.2,
    "drogi dla rowerów ogółem;2020;[km]": 677.4,
    "drogi dla rowerów ogółem;2021;[km]": 743.6,
    "drogi dla rowerów ogółem;2022;[km]": 802.4
  },
  {
    "Nazwa": "WIELKOPOLSKIE",
    "drogi dla rowerów ogółem;2011;[km]": 694.3,
    "drogi dla rowerów ogółem;2012;[km]": 819.5,
    "drogi dla rowerów ogółem;2013;[km]": 1031.8,
    "drogi dla rowerów ogółem;2014;[km]": 1160.2,
    "drogi dla rowerów ogółem;2015;[km]": 1268.9,
    "drogi dla rowerów ogółem;2016;[km]": 1350,
    "drogi dla rowerów ogółem;2017;[km]": 1464.2,
    "drogi dla rowerów ogółem;2018;[km]": 1824.4,
    "drogi dla rowerów ogółem;2019;[km]": 1963.8,
    "drogi dla rowerów ogółem;2020;[km]": 2163.2,
    "drogi dla rowerów ogółem;2021;[km]": 2338.7,
    "drogi dla rowerów ogółem;2022;[km]": 2589
  },
  {
    "Nazwa": "ZACHODNIOPOMORSKIE",
    "drogi dla rowerów ogółem;2011;[km]": 393.7,
    "drogi dla rowerów ogółem;2012;[km]": 469.4,
    "drogi dla rowerów ogółem;2013;[km]": 535.6,
    "drogi dla rowerów ogółem;2014;[km]": 620.2,
    "drogi dla rowerów ogółem;2015;[km]": 678.4,
    "drogi dla rowerów ogółem;2016;[km]": 732.8,
    "drogi dla rowerów ogółem;2017;[km]": 755.3,
    "drogi dla rowerów ogółem;2018;[km]": 847.9,
    "drogi dla rowerów ogółem;2019;[km]": 896.8,
    "drogi dla rowerów ogółem;2020;[km]": 1016.3,
    "drogi dla rowerów ogółem;2021;[km]": 1102,
    "drogi dla rowerów ogółem;2022;[km]": 1243.6
  }
]