{
  "latitude": 52.4,
  "longitude": 16.919998,
  "generationtime_ms": 0.0940561294555664,
  "utc_offset_seconds": 7200,
  "timezone": "Europe/Warsaw",
  "timezone_abbreviation": "CEST",
  "elevation": 83,
  "current_weather_units": {
    "time": "iso8601",
    "interval": "seconds",
    "temperature": "°C",
    "windspeed": "km/h",
    "winddirection": "°",
    "is_day": "",
    "weathercode": "wmo code"
  },
  "current_weather": {
    "time": "2024-06-29T21:45",
    "interval": 900,
    "temperature": 24.7,
    "windspeed": 9.4,
    "winddirection": 270,
    "is_day": 0,
    "weathercode": 0
  },
  "daily_units": {
    "time": "iso8601",
    "precipitation_sum": "mm"
  },
  "daily": {
    "time": [
      "2024-06-29",
      "2024-06-30",
      "2024-07-01",
      "2024-07-02",
      "2024-07-03",
      "2024-07-04",
      "2024-07-05"
    ],
    "precipitation_sum": [
      0,
      0.2,
      8.1,
      0.5,
      0,
      0.3,
      1.2
    ]
  }
}